Workload,Run,TraceSize,Status,ExecTime,Instr,Cycles,IPC,NumBr,MispBr,BrPerCyc,MispBrPerCyc,MR,MPKI,CycWP,CycWPAvg,CycWPPKI,50PercInstr,50PercCycles,50PercIPC,50PercNumBr,50PercMispBr,50PercBrPerCyc,50PercMispBrPerCyc,50PercMR,50PercMPKI,50PercCycWP,50PercCycWPAvg,50PercCycWPPKI
compress,compress_0_trace,334.9084711074829,Pass,3005.9990072250366,120000052,38881192,3.0863,11747875,1108146,0.3021,0.0285,9.4327%,9.2345,28087076,25.3460,234.0589,60000052,19104485,3.1406,5895554,576071,0.3086,0.0302,9.7713%,9.6012,13879329,24.0931,231.3219
infra,infra_0_trace,94.09143447875977,Pass,1276.977502822876,40000016,11552719,3.4624,5140781,241251,0.4450,0.0209,4.6929%,6.0313,5426757,22.4942,135.6689,20000016,5762347,3.4708,2582400,122612,0.4482,0.0213,4.7480%,6.1306,2743492,22.3754,137.1745
web,web_0_trace,104.021315574646,Pass,2405.326303958893,39999493,27711826,1.4434,11904941,370335,0.4296,0.0134,3.1108%,9.2585,15199593,41.0428,379.9946,20999493,13131644,1.5992,6370198,147023,0.4851,0.0112,2.3080%,7.0013,5927114,40.3142,282.2503
fp,sample_fp_trace,1.1786184310913086,Pass,34.35112810134888,997741,236116,4.2256,111265,2734,0.4712,0.0116,2.4572%,2.7402,110746,40.5069,110.9967,997741,236116,4.2256,111265,2734,0.4712,0.0116,2.4572%,2.7402,110746,40.5069,110.9967
int,sample_int_trace,1.3341646194458008,Pass,36.12310194969177,997301,352430,2.8298,128874,1785,0.3657,0.0051,1.3851%,1.7898,62373,34.9429,62.5418,997301,352430,2.8298,128874,1785,0.3657,0.0051,1.3851%,1.7898,62373,34.9429,62.5418
int,int_0_trace,137.11144542694092,Pass,1408.2695622444153,40000041,17933896,2.2304,6223265,349090,0.3470,0.0195,5.6094%,8.7272,13665683,39.1466,341.6417,20000041,8089693,2.4723,3076555,172607,0.3803,0.0213,5.6104%,8.6303,6013499,34.8393,300.6743
media,media_0_trace,111.51635646820068,Pass,420.33421182632446,20000044,4759218,4.2024,1125035,118448,0.2364,0.0249,10.5284%,5.9224,2122274,17.9173,106.1135,10000044,2204634,4.5359,559613,57958,0.2538,0.0263,10.3568%,5.7958,1024675,17.6796,102.4670
