Workload,Run,TraceSize,Status,ExecTime,Instr,Cycles,IPC,NumBr,MispBr,BrPerCyc,MispBrPerCyc,MR,MPKI,CycWP,CycWPAvg,CycWPPKI,50PercInstr,50PercCycles,50PercIPC,50PercNumBr,50PercMispBr,50PercBrPerCyc,50PercMispBrPerCyc,50PercMR,50PercMPKI,50PercCycWP,50PercCycWPAvg,50PercCycWPPKI
compress,compress_0_trace,334.9084711074829,Pass,3283.851511001587,120000052,39006719,3.0764,11747875,1133168,0.3012,0.0291,9.6457%,9.4431,28216774,24.9008,235.1397,60000052,19257522,3.1157,5895554,587290,0.3061,0.0305,9.9616%,9.7882,14027593,23.8853,233.7930
infra,infra_0_trace,94.09143447875977,Pass,1442.7382907867432,40000016,12220964,3.2731,5140781,275015,0.4207,0.0225,5.3497%,6.8754,6148750,22.3579,153.7187,20000016,6129085,3.2631,2582400,140953,0.4213,0.0230,5.4582%,7.0476,3144441,22.3084,157.2219
web,web_0_trace,104.021315574646,Pass,2609.186630010605,39999493,29183812,1.3706,11904941,443297,0.4079,0.0152,3.7236%,11.0826,18466447,41.6571,461.6670,20999493,13797109,1.5220,6370198,178444,0.4617,0.0129,2.8012%,8.4975,7978356,44.7107,379.9309
fp,sample_fp_trace,1.1786184310913086,Pass,40.376298904418945,997741,304754,3.2739,111265,5170,0.3651,0.0170,4.6466%,5.1817,195816,37.8754,196.2593,997741,304754,3.2739,111265,5170,0.3651,0.0170,4.6466%,5.1817,195816,37.8754,196.2593
int,sample_int_trace,1.3341646194458008,Pass,43.41773986816406,997301,352947,2.8256,128874,2206,0.3651,0.0063,1.7117%,2.2120,72756,32.9810,72.9529,997301,352947,2.8256,128874,2206,0.3651,0.0063,1.7117%,2.2120,72756,32.9810,72.9529
int,int_0_trace,137.11144542694092,Pass,1496.6301028728485,40000041,18402719,2.1736,6223265,371314,0.3382,0.0202,5.9665%,9.2828,14173290,38.1706,354.3319,20000041,8320061,2.4038,3076555,183983,0.3698,0.0221,5.9802%,9.1991,6260221,34.0261,313.0104
media,media_0_trace,111.51635646820068,Pass,462.0647099018097,20000044,5397561,3.7054,1125035,163209,0.2084,0.0302,14.5070%,8.1604,2840743,17.4056,142.0368,10000044,2529418,3.9535,559613,80584,0.2212,0.0319,14.4000%,8.0584,1390463,17.2548,139.0457
