Workload,Run,TraceSize,Status,ExecTime,Instr,Cycles,IPC,NumBr,MispBr,BrPerCyc,MispBrPerCyc,MR,MPKI,CycWP,CycWPAvg,CycWPPKI,50PercInstr,50PercCycles,50PercIPC,50PercNumBr,50PercMispBr,50PercBrPerCyc,50PercMispBrPerCyc,50PercMR,50PercMPKI,50PercCycWP,50PercCycWPAvg,50PercCycWPPKI
compress,compress_0_trace,334.9084711074829,Pass,3394.8490269184113,120000052,38059380,3.1530,11747875,1077704,0.3087,0.0283,9.1736%,8.9809,27234237,25.2706,226.9519,60000052,18746127,3.2007,5895554,558921,0.3145,0.0298,9.4804%,9.3153,13500068,24.1538,225.0009
infra,infra_0_trace,94.09143447875977,Pass,1456.6671879291534,40000016,11724431,3.4117,5140781,246934,0.4385,0.0211,4.8034%,6.1733,5606822,22.7058,140.1705,20000016,5849357,3.4192,2582400,125224,0.4415,0.0214,4.8491%,6.2612,2836418,22.6508,141.8208
web,web_0_trace,104.021315574646,Pass,2699.2475430965424,39999493,27986124,1.4293,11904941,383983,0.4254,0.0137,3.2254%,9.5997,15505516,40.3807,387.6428,20999493,13281561,1.5811,6370198,154591,0.4796,0.0116,2.4268%,7.3617,6097029,39.4397,290.3417
fp,sample_fp_trace,1.1786184310913086,Pass,36.720335245132446,997741,277153,3.6000,111265,4057,0.4015,0.0146,3.6462%,4.0662,163820,40.3796,164.1909,997741,277153,3.6000,111265,4057,0.4015,0.0146,3.6462%,4.0662,163820,40.3796,164.1909
int,sample_int_trace,1.3341646194458008,Pass,39.90906000137329,997301,354097,2.8165,128874,1940,0.3640,0.0055,1.5053%,1.9453,68392,35.2536,68.5771,997301,354097,2.8165,128874,1940,0.3640,0.0055,1.5053%,1.9453,68392,35.2536,68.5771
int,int_0_trace,137.11144542694092,Pass,1524.1940789222717,40000041,17870255,2.2384,6223265,347737,0.3482,0.0195,5.5877%,8.6934,13606435,39.1285,340.1605,20000041,8048781,2.4849,3076555,171533,0.3822,0.0213,5.5755%,8.5766,5974022,34.8272,298.7005
media,media_0_trace,111.51635646820068,Pass,460.88832902908325,20000044,4830138,4.1407,1125035,123715,0.2329,0.0256,10.9965%,6.1857,2200193,17.7844,110.0094,10000044,2232005,4.4803,559613,59997,0.2507,0.0269,10.7212%,5.9997,1055160,17.5869,105.5155
